{"appliances": "fridge", "accuracy": [1.0], "precision": [1.0], "recall": [1.0], "f1_score": [1.0], "relative_error": [0.9033941219314399], "absolute_error": [35.0197157569064], "tot_appl_wh": [1912.4666666666667], "predicted_percentage": [0.13060806134423036]}