{"appliances": "fridge", "accuracy": [0.42685], "precision": [1.0], "recall": [0.42685], "f1_score": [0.5983109647124786], "relative_error": [0.7705266454610198], "absolute_error": [25.38185685037772], "tot_appl_wh": [3850.411666666667], "predicted_percentage": [0.4227796201005981]}