{"appliances": "washing_machine", "accuracy": [0.9938666666666667], "precision": [0.33783783783783783], "recall": [0.6696428571428571], "f1_score": [0.4491017964071856], "relative_error": [0.008428015466621957], "absolute_error": [2.459441875775655], "tot_appl_wh": [116.99], "predicted_percentage": [0.5833863836511756]}