{"appliances": "washing_machine", "accuracy": [0.9785333333333334], "precision": [0.13812154696132597], "recall": [0.29880478087649404], "f1_score": [0.1889168765743073], "relative_error": [0.024137114638319822], "absolute_error": [10.142056707106697], "tot_appl_wh": [367.06847222222217], "predicted_percentage": [0.43858636747391916]}