{"appliances": "washing_machine", "accuracy": [0.9531], "precision": [0.020625889046941678], "recall": [0.4915254237288136], "f1_score": [0.03959044368600683], "relative_error": [0.0476964436218469], "absolute_error": [6.946097718917], "tot_appl_wh": [82.4738888888889], "predicted_percentage": [3.4111900710537935]}