{"appliances": "fridge", "accuracy": [0.8231], "precision": [0.7359749506094606], "recall": [0.8482921589688507], "f1_score": [0.7881521695740688], "relative_error": [0.3923430753418092], "absolute_error": [32.806639422369], "tot_appl_wh": [4235.57], "predicted_percentage": [0.36391006729142106]}