{"appliances": "fridge", "accuracy": [0.7384333333333334], "precision": [0.6835299289325225], "recall": [0.7256358403982266], "f1_score": [0.7039538217762016], "relative_error": [0.4504127687965353], "absolute_error": [31.977721055062613], "tot_appl_wh": [3974.6016666666665], "predicted_percentage": [0.3640236066337388]}